Policy Number,Inception Date,Months since Inception,Gender,Age,Vehicle,Postcode,Premium Charged,Distance,Journeys,Overall Risk %,High Risk Event,High Risk Event%,Medium Risk Event,Medium Risk Event%,Speeding Events,SpeedingEventsPerMile,DriverScore
XQ22667078,3/15/2013,11,M,19,Renault,HD3 3NZ,3075.49,"4,905",794,3.15%,4,0.50%,21,2.64%,"1,400",0.29,92.22
XQ22667079,3/23/2013,11,M,19,VW,WN7 2LZ,2724.89,"1,134",146,0.68%,0,,1,0.68%,96,0.08,97.71
XQ22667080,3/20/2013,11,M,21,Land Rover,NN17 5EG,1268.11,"4,794",831,11.31%,9,1.08%,85,10.23%,"1,746",0.36,87.91
XQ22667081,3/26/2013,11,M,18,Renault,B94 5BS,3088.35,"5,298",798,3.51%,5,0.63%,23,2.88%,"1,080",0.20,93.85
XQ22667082,4/3/2013,11,M,18,VW,NN18 9DJ,0.00,"5,847","1,679",1.31%,0,,22,1.31%,"1,710",0.29,94.33
XQ22667083,4/6/2013,11,M,20,Mercedes,LE3 1DJ,2981.50,"2,878",983,1.02%,0,,10,1.02%,771,0.27,96.71
XQ22667084,4/17/2013,10,M,19,Renault,DN36 4XX,2313.78,"2,397",376,1.06%,1,0.27%,3,0.80%,261,0.11,95.69
XQ22667085,4/20/2013,10,M,21,BMW,WV11 2QB,4348.01,"3,558",707,23.20%,49,6.93%,115,16.27%,"1,566",0.44,83.89
XQ22667086,4/27/2013,10,M,17,Renault,NE3 4YE,3203.43,938,81,,0,,0,,36,0.04,98.47
XQ22667088,5/29/2013,9,M,17,VW,CR2 7ND,3650.50,"2,214",263,2.66%,2,0.76%,5,1.90%,411,0.19,94.19
XQ22667089,6/7/2013,9,F,16,BMW,ST11 9NP,0.00,"6,340",424,0.71%,0,,3,0.71%,839,0.13,93.97
XQ22667090,6/1/2013,9,M,20,Renault,SK5 6NU,2895.24,"4,672","1,491",2.88%,11,0.74%,32,2.15%,910,0.19,95.97
XQ22667091,6/2/2013,9,M,17,Ford,DY6 8HR,0.00,"1,542",385,0.26%,0,,1,0.26%,55,0.04,99.22
XQ22667092,5/30/2013,9,F,18,Smart,CV2 2BZ,0.00,"2,672",489,2.04%,0,,10,2.04%,548,0.21,94.75
XQ22667093,5/30/2013,9,M,21,Renault,SE17 2AQ,2774.29,"1,985",643,,0,,0,,283,0.14,98.07
XQ22667093,5/30/2013,9,M,21,Vauxhall,SE17 2AQ,2774.29,367,49,10.20%,2,4.08%,3,6.12%,145,0.40,89.38
XQ22667094,6/1/2013,9,F,17,Land Rover,BN8 4TD,0.00,"2,451",374,1.60%,0,,6,1.60%,234,0.10,97.01
XQ22667095,5/31/2013,9,F,17,Renault,HD7 5TS,0.00,"5,658","1,234",0.32%,1,0.08%,3,0.24%,496,0.09,98.18
XQ22667096,5/31/2013,9,M,17,Audi,BL4 7SE,0.00,"5,244","1,900",4.47%,14,0.74%,71,3.74%,"2,439",0.47,93.59
XQ22667097,6/1/2013,9,M,17,Smart,SO22 4JB,3081.58,"3,321",547,2.56%,1,0.18%,13,2.38%,467,0.14,95.63
XQ22667098,6/4/2013,9,F,17,Renault,SO21 3DQ,3539.93,716,118,,0,,0,,38,0.05,98.77
XQ22667099,6/5/2013,9,F,20,Renault,WR11 4TD,3198.28,"4,770",838,3.70%,5,0.60%,26,3.10%,"1,217",0.26,91.36
XQ22667100,6/18/2013,8,F,18,Ford,MK17 8BB,2283.53,"4,291",438,,0,,0,,81,0.02,99.38
XQ22667101,6/6/2013,9,F,17,VW,NE3 1RJ,0.00,"1,841",647,0.46%,0,,3,0.46%,331,0.18,96.57
XQ22667102,6/6/2013,9,M,21,Vauxhall,L20 0BE,3389.85,"4,994","1,337",2.32%,3,0.22%,28,2.09%,"1,145",0.23,94.46
XQ22667103,6/7/2013,9,M,17,Land Rover,KT21 1QY,0.00,"4,035",446,0.90%,2,0.45%,2,0.45%,278,0.07,96.98
XQ22667104,6/8/2013,9,F,17,Audi,WD6 2DN,0.00,"2,907",837,1.31%,2,0.24%,9,1.08%,674,0.23,95.58
XQ22667105,6/8/2013,9,F,17,Smart,KT22 9DT,3044.12,"3,120",488,1.02%,0,,5,1.02%,340,0.11,96.81
XQ22667106,6/7/2013,9,F,17,Land Rover,DE55 7DZ,3377.53,"5,673",784,0.89%,1,0.13%,6,0.77%,650,0.11,95.93
XQ22667107,6/10/2013,9,F,20,Renault,DN11 9QE,0.00,"11,108",906,3.75%,5,0.55%,29,3.20%,"1,884",0.17,91.29
XQ22667108,6/10/2013,9,F,20,Vauxhall,DN11 9ER,0.00,"2,027",218,1.38%,3,1.38%,0,,292,0.14,90.97
XQ22667109,6/10/2013,9,F,17,Land Rover,L37 1NR,0.00,"2,067",554,1.81%,0,,10,1.81%,322,0.16,95.89
XQ22667110,6/10/2013,9,M,17,VW,M28 3HS,0.00,"4,150","1,458",2.33%,3,0.21%,31,2.13%,"1,246",0.30,94.94
XQ22667111,6/11/2013,9,M,18,Renault,LS16 8BP,2912.78,"4,958","1,077",0.74%,2,0.19%,6,0.56%,649,0.13,97.08
XQ22667112,6/11/2013,9,F,17,Renault,LE13 1TA,2317.49,"3,421",573,0.17%,0,,1,0.17%,166,0.05,98.24
XQ22667113,6/11/2013,9,M,17,Renault,CF32 0BL,0.00,"3,054",622,0.64%,2,0.32%,2,0.32%,305,0.10,97.54
XQ22667114,6/15/2013,8,F,18,Audi,DE12 7BB,3630.59,"4,550",459,3.70%,1,0.22%,16,3.49%,891,0.20,92.12
XQ22667115,6/13/2013,8,M,18,VW,CM2 8XT,3550.31,"1,492",257,5.06%,1,0.39%,12,4.67%,399,0.27,92.46
XQ22667116,6/13/2013,8,M,19,Audi,BN2 8SR,2042.98,"2,323",397,0.50%,0,,2,0.50%,134,0.06,97.73
XQ22667117,6/15/2013,8,F,18,Land Rover,NE34 7BW,3065.88,"5,431","1,047",1.91%,4,0.38%,16,1.53%,"1,267",0.23,94.25
XQ22667118,6/14/2013,8,M,17,Renault,CV36 4JR,3706.78,"3,442",448,4.91%,2,0.45%,20,4.46%,628,0.18,92.85
XQ22667119,6/13/2013,8,M,18,Renault,WF1 3TD,3395.58,"3,842","1,296",0.69%,2,0.15%,7,0.54%,299,0.08,98.45
XQ22667120,6/13/2013,8,M,17,Land Rover,WA15 6NF,0.00,325,82,,0,,0,,80,0.25,93.58
XQ22667121,6/19/2013,8,M,17,VW,LE15 8BH,3094.07,"2,646",227,3.96%,2,0.88%,7,3.08%,301,0.11,92.82
XQ22667122,6/22/2013,8,M,21,Land Rover,AB39 2EE,1914.08,619,164,13.41%,6,3.66%,16,9.76%,193,0.31,86.96
XQ22667123,6/14/2013,8,M,17,Renault,TW7 4NW,0.00,879,205,0.49%,1,0.49%,0,,74,0.08,98.30
XQ22667124,6/20/2013,8,F,18,Audi,EX34 8EQ,3151.52,"1,829",286,0.70%,0,,2,0.70%,237,0.13,95.56
XQ22667125,6/28/2013,8,F,21,Ford,B37 6BG,1624.32,"6,151","1,552",,0,,0,,232,0.04,99.29
XQ22667127,6/14/2013,8,M,21,BMW,B77 4PA,0.00,"2,575",593,16.86%,37,6.24%,63,10.62%,"1,268",0.49,83.59
XQ22667128,6/16/2013,8,M,21,Land Rover,B92 0HS,0.00,"3,116",435,11.26%,5,1.15%,44,10.11%,"1,042",0.33,88.10
XQ22667130,6/18/2013,8,F,17,Audi,GL54 4JT,2968.65,"3,071",387,1.29%,1,0.26%,4,1.03%,230,0.07,96.68
XQ22667131,6/17/2013,8,M,18,Vauxhall,SK10 2LD,0.00,919,274,3.65%,0,,10,3.65%,259,0.28,93.47
XQ22667132,6/17/2013,8,F,17,BMW,IV31 6RJ,2170.32,"2,486",864,2.55%,3,0.35%,19,2.20%,576,0.23,94.63
XQ22667133,6/18/2013,8,F,17,Audi,CA15 6QT,2458.91,"4,525",706,,0,,0,,247,0.05,97.80
XQ22667135,6/19/2013,8,M,17,BMW,SL3 6SB,0.00,"4,589",947,3.59%,7,0.74%,27,2.85%,"1,343",0.29,92.88
XQ22667136,6/19/2013,8,F,17,Audi,OL4 5QN,0.00,"1,574",431,0.46%,0,,2,0.46%,227,0.14,97.85
XQ22667137,6/21/2013,8,M,19,Renault,RH1 4QE,2346.35,"12,227","1,426",0.21%,0,,3,0.21%,494,0.04,98.67
XQ22667138,6/21/2013,8,M,17,Land Rover,WV4 4XB,0.00,"5,656",804,3.61%,1,0.12%,28,3.48%,"1,006",0.18,93.84
XQ22667139,6/25/2013,8,F,17,Vauxhall,HP18 9RP,0.00,"3,549",488,1.23%,1,0.20%,5,1.02%,358,0.10,96.43
XQ22667140,6/22/2013,8,F,18,Ford,SP11 6LB,2582.39,"3,908",384,0.26%,0,,1,0.26%,181,0.05,97.31
XQ22667141,6/20/2013,8,F,17,Audi,BL9 8NG,0.00,"3,045",729,0.82%,1,0.14%,5,0.69%,413,0.14,97.11
XQ22667142,6/21/2013,8,M,18,VW,HP10 8DN,0.00,328,84,,0,,0,,37,0.11,97.23
XQ22667143,6/21/2013,8,F,17,Mercedes,N20 9AT,0.00,"2,302",421,0.24%,1,0.24%,0,,197,0.09,97.91
XQ22667144,6/21/2013,8,M,17,Ford,SK14 4UH,0.00,"1,140",398,,0,,0,,45,0.04,99.37
XQ22667145,6/21/2013,8,M,17,Renault,LS22 4EN,0.00,"3,088",513,2.92%,1,0.19%,14,2.73%,562,0.18,94.23
XQ22667146,6/22/2013,8,F,18,VW,B36 9SU,2917.75,"2,601",414,3.14%,0,,13,3.14%,661,0.25,92.52
XQ22667147,6/24/2013,8,M,17,Ford,IV4 7EX,2301.07,"2,071",288,,0,,0,,41,0.02,99.41
XQ22667148,6/24/2013,8,M,21,BMW,SG11 2LQ,2475.66,"2,824",356,23.03%,34,9.55%,48,13.48%,"1,404",0.50,79.83
XQ22667149,7/1/2013,8,M,20,Renault,NN3 8EJ,889.47,"7,697","1,750",0.80%,4,0.23%,10,0.57%,464,0.06,98.35
XQ22667150,6/30/2013,8,M,17,Mercedes,RH20 2ER,0.00,"5,829",937,4.70%,6,0.64%,38,4.06%,"1,088",0.19,92.92
XQ22667151,6/25/2013,8,M,17,Vauxhall,IG10 4PX,0.00,"5,342","1,016",3.64%,8,0.79%,29,2.85%,982,0.18,94.43
XQ22667152,6/25/2013,8,F,17,Vauxhall,NP18 3RS,0.00,"4,827","1,011",9.40%,16,1.58%,79,7.81%,"2,163",0.45,89.59
XQ22667154,6/25/2013,8,F,17,Land Rover,PE6 7HD,3686.90,"5,481","1,094",1.28%,1,0.09%,13,1.19%,"1,133",0.21,94.13
XQ22667155,6/26/2013,8,M,21,BMW,CH49 6DA,0.00,722,166,23.49%,26,15.66%,13,7.83%,464,0.64,78.58
XQ22667156,6/26/2013,8,M,20,BMW,NE16 4SX,3134.33,583,40,37.50%,4,10.00%,11,27.50%,360,0.62,62.36
XQ22667157,6/26/2013,8,F,21,Land Rover,B24 0QF,2299.98,"4,138",874,11.90%,19,2.17%,85,9.73%,"1,998",0.48,88.35
XQ22667158,6/29/2013,8,F,17,Ford,B60 4HH,3136.22,"3,494",511,,0,,0,,462,0.13,95.15
XQ22667160,6/29/2013,8,F,20,VW,BB4 4PF,0.00,"3,659",639,5.01%,1,0.16%,31,4.85%,946,0.26,91.23
XQ22667161,6/29/2013,8,M,17,Renault,LE11 3PZ,0.00,"3,400",601,2.50%,2,0.33%,13,2.16%,830,0.24,93.29
XQ22667162,6/29/2013,8,F,17,Audi,OX14 4LZ,3108.86,"4,151",779,0.64%,1,0.13%,4,0.51%,466,0.11,97.57
XQ22667163,6/29/2013,8,F,17,Ford,ST10 4SW,3196.70,"3,801",436,,0,,0,,53,0.01,99.74
XQ22667164,6/29/2013,8,M,20,BMW,CV23 0XA,0.00,"1,637",220,29.09%,12,5.45%,52,23.64%,728,0.44,82.53
XQ22667165,7/1/2013,8,F,17,BMW,DL14 9UD,1357.75,"8,713","1,342",0.52%,0,,7,0.52%,660,0.08,97.68
XQ22667167,7/14/2013,7,F,17,Ford,M26 1PW,952.36,"1,812",228,,0,,0,,9,0.00,99.97
XQ22667168,7/3/2013,8,M,17,BMW,AB56 1TP,1215.46,"2,487",689,0.73%,0,,5,0.73%,503,0.20,94.40
XQ22667169,7/7/2013,8,F,18,BMW,TW15 3EH,2157.22,"3,098",654,7.19%,12,1.83%,35,5.35%,981,0.32,92.26
XQ22667170,7/6/2013,8,F,17,Ford,DA11 8HU,1730.32,237,133,,0,,0,,2,0.01,100.00
XQ22667171,7/5/2013,8,F,17,Ford,CT2 0HE,1360.82,"2,558",457,,0,,0,,33,0.01,99.85
XQ22667172,7/5/2013,8,M,17,Vauxhall,BA22 7LL,1619.95,"4,497",522,1.34%,0,,7,1.34%,673,0.15,95.00
XQ22667173,7/6/2013,8,F,17,Ford,E4 6LY,1825.90,"2,073",589,,0,,0,,29,0.01,99.73
XQ22667174,7/10/2013,8,M,20,Vauxhall,B98 0EY,1254.92,"4,390","1,278",3.13%,4,0.31%,36,2.82%,"1,273",0.29,94.05
XQ22667175,7/9/2013,8,M,17,VW,M45 7DL,3238.70,"4,064","1,143",1.75%,5,0.44%,15,1.31%,840,0.21,95.95
XQ22667176,7/16/2013,7,M,21,Land Rover,SM2 7HS,1325.50,"3,764",974,13.14%,31,3.18%,97,9.96%,"1,923",0.51,88.45
XQ22667177,7/12/2013,8,M,20,VW,SW15 6AN,1147.26,"1,228",286,1.75%,0,,5,1.75%,162,0.13,96.00
XQ22667178,7/19/2013,7,M,21,Land Rover,WV4 5NB,1948.58,"3,008",626,8.95%,4,0.64%,52,8.31%,"1,356",0.45,88.55
XQ22667179,7/13/2013,7,M,17,VW,NG2 6RP,1519.23,"2,461",496,5.65%,6,1.21%,22,4.44%,569,0.23,92.44
XQ22667180,7/15/2013,7,F,17,Vauxhall,CV34 6PN,1328.15,"3,235",839,7.15%,8,0.95%,52,6.20%,"1,268",0.39,90.18
XQ22667181,7/15/2013,7,F,17,Ford,AL4 9SA,1578.66,687,256,,0,,0,,8,0.01,99.84
XQ22667182,7/22/2013,7,M,20,Vauxhall,M45 7LW,3392.79,"6,995","1,320",7.20%,6,0.45%,89,6.74%,"2,269",0.32,90.79
XQ22667183,7/17/2013,7,M,18,BMW,DL14 9UZ,1618.63,"2,977",398,11.56%,10,2.51%,36,9.05%,962,0.32,85.74
XQ22667184,7/19/2013,7,M,21,BMW,BR2 6DQ,1608.03,"1,428",158,18.35%,6,3.80%,23,14.56%,563,0.39,84.63
XQ22667185,7/22/2013,7,F,17,Renault,YO24 1UP,1247.92,850,176,1.14%,0,,2,1.14%,70,0.08,98.27
XQ22667186,7/27/2013,7,M,18,VW,B38 9TD,3351.31,"3,880",742,2.83%,5,0.67%,16,2.16%,638,0.16,95.77
XQ22667187,7/19/2013,7,M,17,Vauxhall,S81 8LJ,1385.94,"1,439",238,10.08%,4,1.68%,20,8.40%,578,0.40,89.55
XQ22667188,7/20/2013,7,M,17,Vauxhall,BR3 6RJ,1974.18,"2,986",592,4.22%,3,0.51%,22,3.72%,"1,008",0.34,93.10
XQ22667189,7/22/2013,7,F,17,Renault,PH2 0DP,1166.66,"1,775",288,0.69%,1,0.35%,1,0.35%,62,0.03,98.72
XQ22667190,7/26/2013,7,M,17,Renault,BB1 2QF,3006.32,"4,358",909,2.42%,4,0.44%,18,1.98%,767,0.18,96.26
XQ22667192,7/30/2013,7,M,18,Vauxhall,RM8 3QX,3156.35,"3,915",671,9.39%,8,1.19%,55,8.20%,"1,497",0.38,89.96
XQ22667193,7/26/2013,7,F,17,BMW,TN14 7AX,1518.43,"4,256",674,6.97%,5,0.74%,42,6.23%,963,0.23,92.41
XQ22667194,7/26/2013,7,F,17,Seat,WD7 8HT,1765.55,"2,649",362,1.66%,0,,6,1.66%,362,0.14,96.00
XQ22667195,7/26/2013,7,M,17,Renault,B93 0EA,1632.97,"1,048",264,0.38%,0,,1,0.38%,77,0.07,98.76
XQ22667196,7/26/2013,7,F,17,Mercedes,GL10 3PZ,1290.61,"4,555",728,2.06%,3,0.41%,12,1.65%,941,0.21,93.83
XQ22667197,7/27/2013,7,F,17,Ford,M41 6NQ,2941.90,"3,114",889,1.01%,1,0.11%,8,0.90%,394,0.13,97.62
XQ22667198,7/27/2013,7,F,17,Ford,DA5 2DD,1839.53,"5,233",353,1.42%,0,,5,1.42%,544,0.10,94.00
XQ22667199,7/30/2013,7,F,17,Vauxhall,GL4 3YW,1381.96,"1,325",527,1.14%,0,,6,1.14%,322,0.24,96.18
XQ22667200,7/31/2013,7,F,17,VW,RG8 0RZ,1292.73,"1,577",203,0.49%,0,,1,0.49%,112,0.07,97.63
XQ22667201,7/30/2013,7,M,20,Vauxhall,G23 5DU,1234.93,"2,799",594,10.44%,19,3.20%,43,7.24%,836,0.30,90.21
XQ22667202,8/6/2013,7,F,18,Ford,TW13 5LP,1983.34,"1,377",442,0.23%,0,,1,0.23%,49,0.04,99.36
XQ22667203,8/2/2013,7,M,17,VW,CW6 0HQ,1460.40,"1,256",192,2.60%,0,,5,2.60%,234,0.19,94.88
XQ22667204,8/2/2013,7,F,17,VW,TN25 7HS,1252.41,"3,779",540,5.37%,3,0.56%,26,4.81%,"1,110",0.29,91.47
XQ22667205,8/3/2013,7,F,21,Land Rover,MK5 8FB,1407.92,"2,701",501,8.18%,1,0.20%,40,7.98%,987,0.37,88.66
XQ22667206,8/5/2013,7,M,17,BMW,B91 3NN,1738.95,"3,893","1,144",4.02%,9,0.79%,37,3.23%,"1,010",0.26,94.38
XQ22667207,8/5/2013,7,F,17,Smart,NG5 4FL,1394.57,809,293,,0,,0,,91,0.11,97.43
XQ22667208,8/5/2013,7,M,17,Renault,LS16 8NP,1924.19,"1,417",356,1.40%,0,,5,1.40%,103,0.07,98.67
XQ22667209,8/7/2013,7,F,17,Vauxhall,PE7 2BQ,1471.62,"3,639",437,4.58%,0,,20,4.58%,"1,176",0.32,89.48
XQ22667210,8/7/2013,7,M,18,BMW,BB1 2NY,2642.43,"2,706",418,2.87%,0,,12,2.87%,500,0.18,93.04
XQ22667211,8/7/2013,7,M,17,Vauxhall,WA15 8PZ,2045.94,534,199,,0,,0,,33,0.06,99.06
XQ22667213,8/9/2013,7,F,21,Renault,HA3 6EF,1877.79,"5,086",467,0.64%,1,0.21%,2,0.43%,573,0.11,95.45
XQ22667214,8/9/2013,7,M,17,VW,DH1 2LP,1564.42,"1,486",420,0.48%,1,0.24%,1,0.24%,145,0.10,97.83
XQ22667215,8/7/2013,7,F,17,Audi,WD6 3LY,1732.11,881,232,0.43%,0,,1,0.43%,113,0.13,97.43
XQ22667216,8/9/2013,7,M,17,Ford,CW8 2FE,2034.36,"3,777",983,3.15%,2,0.20%,29,2.95%,717,0.19,94.83
XQ22667217,8/9/2013,7,M,18,Vauxhall,GU35 0JE,1297.24,"3,070",250,0.40%,0,,1,0.40%,194,0.06,95.33
XQ22667218,8/15/2013,6,F,18,Audi,CH2 1NN,1491.54,305,49,2.04%,0,,1,2.04%,57,0.19,92.97
XQ22667219,8/12/2013,7,M,17,Renault,DN14 0NE,1742.26,761,124,,0,,0,,72,0.09,96.92
XQ22667220,8/16/2013,6,F,19,Audi,SE9 4BJ,1731.80,"2,794",654,1.53%,6,0.92%,4,0.61%,249,0.09,97.42
XQ22667221,8/13/2013,6,M,21,Land Rover,TS19 7PT,1839.88,"3,068",622,7.72%,11,1.77%,37,5.95%,"1,201",0.39,89.16
XQ22667222,8/14/2013,6,F,18,Land Rover,L35 4PU,1872.25,"1,229",151,,0,,0,,136,0.11,95.55
XQ22667223,8/14/2013,6,F,17,VW,NN17 3BP,1368.71,"3,161",428,1.40%,1,0.23%,5,1.17%,493,0.16,94.92
XQ22667224,8/20/2013,6,M,17,VW,CV7 9LH,1361.83,615,118,3.39%,0,,4,3.39%,83,0.13,96.59
XQ22667225,8/15/2013,6,F,21,Vauxhall,CT19 4BJ,1388.32,986,98,4.08%,0,,4,4.08%,236,0.24,89.19
XQ22667226,8/15/2013,6,F,20,Renault,UB5 6AP,1474.88,"1,170",469,0.64%,0,,3,0.64%,100,0.09,98.74
XQ22667228,8/15/2013,6,M,21,Land Rover,DN22 8PT,1645.07,"1,762",110,7.27%,1,0.91%,7,6.36%,354,0.20,87.74
XQ22667229,8/15/2013,6,F,17,Renault,BS31 1QT,1390.93,463,128,,0,,0,,50,0.11,98.18
XQ22667231,8/19/2013,6,M,17,Ford,DE56 4GN,1540.60,"2,062",382,1.57%,0,,6,1.57%,321,0.16,95.68
XQ22667232,8/17/2013,6,M,21,Land Rover,EH54 8RD,1274.41,"1,396",351,11.40%,10,2.85%,30,8.55%,858,0.61,87.33
XQ22667233,8/19/2013,6,F,17,Ford,CR5 3QB,1837.94,"1,752",433,,0,,0,,21,0.01,99.77
XQ22667236,8/21/2013,6,F,17,Ford,PR8 2HT,1647.73,"2,390",433,0.46%,0,,2,0.46%,553,0.23,94.21
XQ22667237,8/21/2013,6,F,17,VW,G71 5EA,2021.94,"2,178",620,1.45%,1,0.16%,8,1.29%,501,0.23,94.44
XQ22667238,8/22/2013,6,M,17,Audi,DE11 7AS,1348.91,"2,380",427,2.34%,2,0.47%,8,1.87%,423,0.18,94.90
XQ22667239,8/23/2013,6,F,17,VW,NE45 5BA,1485.10,"3,629",399,0.75%,0,,3,0.75%,317,0.09,95.11
XQ22667240,8/28/2013,6,F,19,VW,WF12 7QS,1350.76,"1,878",307,1.63%,2,0.65%,3,0.98%,166,0.09,96.96
XQ22667241,8/26/2013,6,M,17,Mercedes,G71 5QW,1550.46,"2,285",463,4.32%,3,0.65%,17,3.67%,596,0.26,92.73
XQ22667242,8/29/2013,6,F,20,Seat,DN14 8DJ,1934.03,948,208,8.17%,2,0.96%,15,7.21%,300,0.32,91.15
XQ22667243,9/1/2013,6,F,17,Renault,DD9 7QD,1425.02,"4,248",620,1.13%,0,,7,1.13%,355,0.08,97.70
XQ22667244,8/27/2013,6,M,17,VW,KT13 0AG,1455.01,384,77,,0,,0,,39,0.10,97.72
XQ22667245,8/28/2013,6,F,17,Audi,HU15 1RF,1483.91,"3,725",464,0.65%,1,0.22%,2,0.43%,596,0.16,94.94
XQ22667246,9/2/2013,6,M,17,Renault,WN3 6JP,2505.49,"1,351",249,3.21%,1,0.40%,7,2.81%,461,0.34,93.34
XQ22667247,9/1/2013,6,M,18,Vauxhall,RH17 7QA,1303.72,"2,053",312,,0,,0,,55,0.03,98.93
XQ22667248,9/7/2013,6,M,17,Renault,TS6 0QQ,1754.02,"1,865",520,4.62%,6,1.15%,18,3.46%,753,0.40,92.00
XQ22667249,8/31/2013,6,F,18,VW,B78 3YB,1502.39,"4,532","1,156",1.73%,6,0.52%,14,1.21%,372,0.08,97.91
XQ22667250,9/1/2013,6,M,20,Vauxhall,DH3 4AT,1684.33,"2,550",397,4.79%,1,0.25%,18,4.53%,684,0.27,91.16
XQ22667251,8/31/2013,6,M,17,Vauxhall,LS24 9LT,1293.01,"1,137",373,0.27%,0,,1,0.27%,125,0.11,97.91
XQ22667252,9/1/2013,6,M,18,Audi,IG7 5HD,1853.06,527,240,7.92%,8,3.33%,11,4.58%,204,0.39,93.95
XQ22667253,9/1/2013,6,M,21,BMW,B34 7QZ,1953.10,615,123,13.01%,8,6.50%,8,6.50%,412,0.67,82.89
XQ22667254,9/3/2013,6,M,19,VW,RH15 9AJ,1104.61,"2,184",418,,0,,0,,248,0.11,96.42
XQ22667255,9/4/2013,6,F,20,Vauxhall,NN6 8EP,1653.79,"1,880",425,7.53%,10,2.35%,22,5.18%,551,0.29,90.93
XQ22667256,9/3/2013,6,F,23,Seat,DE6 1LW,803.27,"3,305",398,3.02%,1,0.25%,11,2.76%,571,0.17,93.28
XQ22667258,9/4/2013,6,M,20,Renault,M26 1GR,1365.60,"2,548",723,0.28%,0,,2,0.28%,147,0.06,98.96
XQ22667259,9/4/2013,6,M,21,Land Rover,CM20 2PB,2211.89,47,14,7.14%,0,,1,7.14%,32,0.69,87.56
XQ22667260,9/4/2013,6,M,20,BMW,S66 1NY,1708.68,818,208,18.75%,18,8.65%,21,10.10%,481,0.59,81.95
XQ22667261,9/6/2013,6,M,17,BMW,LE16 8LR,1359.60,"2,150",305,1.31%,1,0.33%,3,0.98%,502,0.23,92.56
XQ22667262,9/6/2013,6,F,17,Ford,B76 2TL,1499.04,807,264,0.76%,0,,2,0.76%,121,0.15,97.12
XQ22667263,9/9/2013,6,F,17,Vauxhall,BN8 5BH,1472.96,"1,350",244,10.25%,7,2.87%,18,7.38%,386,0.29,90.32
XQ22667264,9/9/2013,6,M,17,Renault,BD22 0LJ,1752.00,"1,350",296,3.38%,0,,10,3.38%,388,0.29,92.73
XQ22667265,9/10/2013,6,M,17,Renault,AB30 1YD,1061.34,939,82,,0,,0,,32,0.03,98.61
XQ22667266,9/13/2013,5,M,17,BMW,FY8 4TA,1607.99,"2,333",234,16.67%,10,4.27%,29,12.39%,575,0.25,86.23
XQ22667267,9/10/2013,6,F,17,Renault,HA5 4AA,1506.26,185,49,,0,,0,,16,0.09,98.72
XQ22667268,9/10/2013,6,F,17,Audi,AL10 0HX,1947.89,"3,083",624,4.17%,5,0.80%,21,3.37%,887,0.29,92.56
XQ22667269,9/16/2013,5,F,17,Audi,RM17 5TB,1879.21,"1,408",184,1.63%,1,0.54%,2,1.09%,122,0.09,97.87
XQ22667270,9/14/2013,5,M,17,Vauxhall,SO20 8DY,1549.53,"5,409",318,6.29%,3,0.94%,17,5.35%,745,0.14,89.99
XQ22667271,9/12/2013,6,F,17,Audi,TW19 5AH,1405.90,"2,334",331,1.21%,0,,4,1.21%,399,0.17,95.07
XQ22667272,9/13/2013,5,M,20,Vauxhall,YO15 3LR,1443.70,"4,972",717,3.21%,4,0.56%,19,2.65%,"1,053",0.21,90.82
XQ22667273,9/14/2013,5,F,16,Renault,SE24 9LH,2625.44,268,59,,0,,0,,27,0.10,97.97
XQ22667274,9/15/2013,5,M,17,Renault,E4 7LJ,2681.37,"1,107",332,3.92%,3,0.90%,10,3.01%,246,0.22,94.83
XQ22667275,9/19/2013,5,F,17,Audi,SK4 3DP,1603.63,514,113,1.77%,0,,2,1.77%,63,0.12,97.51
XQ22667276,9/18/2013,5,F,17,Smart,NG23 5DJ,1288.64,"1,698",247,0.81%,1,0.40%,1,0.40%,208,0.12,96.07
XQ22667277,9/20/2013,5,F,20,Ford,CW5 7NP,837.19,"1,071",146,,0,,0,,14,0.01,99.68
XQ22667278,9/19/2013,5,M,18,Renault,KA13 7DS,1091.26,"2,416",545,1.10%,2,0.37%,4,0.73%,318,0.13,96.98
XQ22667279,9/19/2013,5,F,17,Ford,EN5 3HY,2492.03,"1,132",206,,0,,0,,22,0.02,99.63
XQ22667280,9/22/2013,5,F,16,VW,DH7 6SE,1475.24,557,77,,0,,0,,40,0.07,97.79
XQ22667282,9/20/2013,5,M,21,Land Rover,MK43 8SZ,1488.82,"3,221",276,11.23%,2,0.72%,29,10.51%,929,0.29,87.64
XQ22667283,9/19/2013,5,M,17,Mercedes,N3 2SX,2187.85,"1,565",485,0.21%,0,,1,0.21%,307,0.20,97.09
XQ22667284,9/20/2013,5,M,17,Smart,MK40 2LQ,1458.94,755,82,1.22%,0,,1,1.22%,116,0.15,94.07
XQ22667286,9/21/2013,5,F,17,Renault,LA5 0SD,1587.03,186,32,,0,,0,,15,0.08,97.46
XQ22667288,9/24/2013,5,F,17,Audi,WV4 5NB,1418.16,"3,134",471,5.94%,3,0.64%,25,5.31%,850,0.27,92.26
XQ22667289,9/23/2013,5,M,17,Audi,S36 8WZ,1514.98,179,24,4.17%,0,,1,4.17%,38,0.21,91.83
XQ22667290,9/23/2013,5,M,18,BMW,GL55 6RT,1553.15,783,176,4.55%,1,0.57%,7,3.98%,130,0.17,94.40
XQ22667291,9/23/2013,5,M,20,BMW,TW15 1LG,1872.62,"1,085",171,44.44%,49,28.65%,27,15.79%,"1,005",0.93,66.54
XQ22667294,9/26/2013,5,M,20,Renault,M23 9HU,1731.47,"1,967",365,0.27%,0,,1,0.27%,128,0.07,98.21
XQ22667296,9/29/2013,5,F,18,Renault,RM7 8BX,1523.57,507,106,,0,,0,,37,0.07,98.72
XQ22667297,9/28/2013,5,M,17,Audi,CH48 4DL,2046.48,"1,674",250,4.00%,1,0.40%,9,3.60%,277,0.17,92.92
XQ22667298,10/1/2013,5,F,20,Vauxhall,MK43 8SZ,1546.82,561,47,8.51%,0,,4,8.51%,114,0.20,90.93
XQ22667299,9/28/2013,5,F,17,Renault,LS6 4DH,3026.29,"1,348",437,,0,,0,,217,0.16,97.09
XQ22667301,9/30/2013,5,M,17,VW,BD15 9LN,2057.46,"1,607",378,3.17%,2,0.53%,10,2.65%,347,0.22,95.08
XQ22667302,9/30/2013,5,M,21,Land Rover,CW2 5BS,1870.83,"2,315",329,8.81%,5,1.52%,24,7.29%,546,0.24,88.58
XQ22667304,10/3/2013,5,M,17,Vauxhall,BS30 6EB,1766.49,"4,704","1,050",7.62%,19,1.81%,61,5.81%,"1,603",0.34,90.19
XQ22667305,10/2/2013,5,F,17,Ford,BN11 5JA,1236.91,969,154,3.25%,0,,5,3.25%,149,0.15,93.84
XQ22667306,10/3/2013,5,F,20,Vauxhall,NG2 5HU,1520.17,"1,108",187,6.95%,1,0.53%,12,6.42%,270,0.24,91.02
XQ22667307,10/4/2013,5,M,17,Renault,PR7 4AQ,2061.52,652,108,0.93%,0,,1,0.93%,112,0.17,95.58
XQ22667308,10/4/2013,5,F,17,BMW,MK45 2FG,1545.72,"1,471",123,8.94%,1,0.81%,10,8.13%,497,0.34,86.30
XQ22667310,10/11/2013,5,F,17,VW,IG7 5AX,2148.07,990,282,1.77%,0,,5,1.77%,132,0.13,97.66
XQ22667311,10/8/2013,5,M,17,Mercedes,SW16 3DL,3280.00,"1,092",299,0.33%,0,,1,0.33%,47,0.04,99.07
XQ22667312,10/10/2013,5,M,21,Vauxhall,IP27 0YP,1992.05,"2,774",151,4.64%,0,,7,4.64%,421,0.15,89.36
XQ22667313,10/9/2013,5,M,17,Vauxhall,MK7 7RL,1698.95,"2,448",383,7.83%,5,1.31%,25,6.53%,851,0.35,89.56
XQ22667314,10/9/2013,5,F,17,Audi,WA13 9UB,1891.40,"1,207",172,,0,,0,,37,0.03,99.09
XQ22667315,10/9/2013,5,M,17,Ford,B92 9QD,1828.25,"1,549",269,3.72%,3,1.12%,7,2.60%,363,0.23,93.59
XQ22667316,10/12/2013,5,M,17,Smart,RG18 9UP,1374.59,"1,352",165,0.61%,0,,1,0.61%,99,0.07,97.08
XQ22667317,10/13/2013,4,M,19,Vauxhall,OX12 8QR,996.71,"1,687",131,10.69%,0,,14,10.69%,367,0.22,89.54
XQ22667318,10/11/2013,5,M,19,BMW,DA8 2QD,1637.71,"1,259",383,3.39%,4,1.04%,9,2.35%,313,0.25,94.98
XQ22667320,10/12/2013,5,M,22,Renault,N9 0TH,2164.69,"1,754",261,1.53%,0,,4,1.53%,310,0.18,95.83
XQ22667321,10/11/2013,5,F,17,Ford,CV36 5AF,1326.29,"2,168",306,,0,,0,,17,0.01,99.75
XQ22667322,10/12/2013,5,F,17,Ford,NE3 5RB,1365.53,149,27,,0,,0,,4,0.03,99.24
XQ22667324,10/28/2013,4,M,20,Ford,PE7 1SN,893.58,"1,398",110,,0,,0,,13,0.01,99.65
XQ22667325,10/14/2013,4,M,20,BMW,NG22 0BS,1797.80,467,56,25.00%,6,10.71%,8,14.29%,191,0.41,81.88
XQ22667326,10/14/2013,4,M,17,Ford,SK14 5RR,2150.47,375,94,,0,,0,,19,0.05,99.15
XQ22667327,10/15/2013,4,M,17,Seat,HD4 6JN,1809.23,805,145,19.31%,9,6.21%,19,13.10%,309,0.38,86.46
XQ22667328,10/17/2013,4,F,17,Mercedes,CM17 0JW,1711.83,"1,314",117,0.85%,0,,1,0.85%,121,0.09,96.78
XQ22667329,10/21/2013,4,M,19,Ford,LE14 2SF,982.20,850,119,,0,,0,,12,0.01,99.67
XQ22667330,10/18/2013,4,M,17,Renault,CM4 9EF,1625.85,486,65,,0,,0,,16,0.03,98.73
XQ22667331,10/18/2013,4,F,18,Land Rover,LU2 8JR,1859.34,585,226,,0,,0,,156,0.27,95.57
XQ22667332,10/17/2013,4,M,17,Renault,PL30 5JU,1334.40,"2,497",440,5.45%,3,0.68%,21,4.77%,524,0.21,92.40
XQ22667333,10/18/2013,4,F,17,Vauxhall,NR4 7LA,1521.27,"1,559",204,9.31%,0,,19,9.31%,480,0.31,89.99
XQ22667334,10/19/2013,4,F,22,Smart,E8 4LB,1664.42,790,189,1.59%,1,0.53%,2,1.06%,75,0.09,97.39
XQ22667336,10/21/2013,4,F,20,Audi,CH49 2NA,1082.85,489,104,,0,,0,,72,0.15,96.42
XQ22667337,10/22/2013,4,M,18,Audi,SA62 6RF,1100.59,"2,078",314,1.91%,2,0.64%,4,1.27%,249,0.12,95.14
XQ22667338,10/26/2013,4,M,21,BMW,ST6 6QL,1394.00,"1,683",338,17.46%,19,5.62%,40,11.83%,834,0.50,83.77
XQ22667340,10/23/2013,4,F,17,Renault,RH19 3QE,1314.51,141,38,2.63%,0,,1,2.63%,14,0.10,98.16
XQ22667341,10/24/2013,4,F,17,Land Rover,HR4 7RE,1533.63,"1,169",245,2.45%,2,0.82%,4,1.63%,131,0.11,95.84
XQ22667342,10/27/2013,4,M,17,Ford,OL4 4ED,2098.79,639,91,,0,,0,,14,0.02,99.56
XQ22667343,10/28/2013,4,M,20,Renault,SK16 5DW,1297.99,760,246,,0,,0,,41,0.05,98.94
XQ22667344,10/24/2013,4,M,20,BMW,ME7 2UT,1493.45,583,71,26.76%,8,11.27%,11,15.49%,230,0.39,81.34
XQ22667345,10/24/2013,4,M,18,Vauxhall,YO21 3FE,1590.66,"2,248",216,4.17%,0,,9,4.17%,381,0.17,90.73
XQ22667346,10/25/2013,4,M,17,Renault,OX29 6TE,1634.46,"3,311",472,2.54%,2,0.42%,10,2.12%,493,0.15,94.83
XQ22667347,10/31/2013,4,M,21,BMW,GL19 4UB,1611.76,570,58,20.69%,1,1.72%,11,18.97%,211,0.37,81.23
XQ22667348,10/31/2013,4,F,20,Renault,RM10 7HS,1523.27,"2,264",311,6.11%,4,1.29%,15,4.82%,709,0.31,91.41
XQ22667349,10/26/2013,4,M,17,Audi,WA8 9WX,1721.41,547,108,0.93%,0,,1,0.93%,108,0.20,95.07
XQ22667350,10/26/2013,4,M,21,Land Rover,OX12 8QR,1133.42,"1,988",170,11.18%,3,1.76%,16,9.41%,461,0.23,87.99
XQ22667351,10/25/2013,4,M,17,Ford,HA2 0JQ,2444.02,349,124,,0,,0,,9,0.03,99.60
XQ22667352,10/27/2013,4,M,16,Vauxhall,KT4 8XA,1766.10,393,83,,0,,0,,24,0.06,98.86
XQ22667353,10/30/2013,4,M,17,Smart,CM3 2EZ,1480.25,476,75,2.67%,0,,2,2.67%,95,0.20,94.30
XQ22667354,11/1/2013,4,M,17,Vauxhall,S32 4TL,1716.48,803,169,,0,,0,,54,0.07,97.76
XQ22667355,10/31/2013,4,M,21,Land Rover,CV7 9LF,1691.58,"1,066",346,13.58%,17,4.91%,30,8.67%,550,0.52,88.92
XQ22667356,10/31/2013,4,F,17,VW,PE9 2JQ,1693.32,432,199,,0,,0,,35,0.08,98.88
XQ22667357,11/1/2013,4,F,17,Ford,CA11 8LT,1509.65,207,71,,0,,0,,2,0.01,99.90
XQ22667358,10/31/2013,4,F,20,Vauxhall,NN13 5GF,1442.37,666,110,4.55%,0,,5,4.55%,201,0.30,91.07
XQ22667359,11/1/2013,4,F,17,Renault,HG2 8JG,1458.74,412,131,,0,,0,,30,0.07,98.42
XQ22667360,11/1/2013,4,F,17,VW,LE17 5LG,1454.33,912,125,,0,,0,,116,0.13,95.98
XQ22667361,11/4/2013,4,M,20,Vauxhall,SN11 0UF,1577.12,562,94,2.13%,0,,2,2.13%,171,0.30,90.93
XQ22667362,11/9/2013,4,F,17,Renault,CF23 6PN,1688.79,417,139,0.72%,0,,1,0.72%,60,0.14,98.10
XQ22667363,11/6/2013,4,F,18,Smart,B76 1GL,1545.70,126,56,3.57%,1,1.79%,1,1.79%,34,0.27,97.63
XQ22667365,11/11/2013,4,F,22,Land Rover,M13 0AS,2259.79,217,75,,0,,0,,20,0.09,99.14
XQ22667366,11/9/2013,4,M,17,Vauxhall,BH20 6HT,1332.17,"1,426",195,3.59%,0,,7,3.59%,398,0.28,90.45
XQ22667367,11/9/2013,4,F,17,VW,LE2 4GA,1444.18,911,203,0.49%,0,,1,0.49%,93,0.10,97.53
XQ22667368,11/11/2013,4,M,17,BMW,L39 5DZ,2292.17,436,79,,0,,0,,65,0.15,97.26
XQ22667369,11/9/2013,4,F,17,BMW,SK17 0QS,1957.10,"1,322",200,1.50%,0,,3,1.50%,90,0.07,97.46
XQ22667370,11/12/2013,4,M,17,Vauxhall,CF72 9EG,2293.80,971,196,7.65%,2,1.02%,13,6.63%,294,0.30,90.78
XQ22667371,11/12/2013,4,M,17,Audi,DH6 1JG,1785.56,"6,344",694,2.88%,3,0.43%,17,2.45%,"1,129",0.18,93.01
XQ22667372,11/14/2013,3,F,17,Vauxhall,GL53 7HZ,1427.69,607,22,13.64%,1,4.55%,2,9.09%,83,0.14,90.45
XQ22667373,11/12/2013,4,M,17,Renault,EN7 6XE,2170.93,522,158,2.53%,0,,4,2.53%,130,0.25,95.05
XQ22667374,11/14/2013,3,M,17,VW,IG6 2GE,2621.26,"1,179",317,1.58%,1,0.32%,4,1.26%,267,0.23,95.34
XQ22667375,11/12/2013,4,F,17,VW,NW7 2LP,1658.46,599,169,0.59%,0,,1,0.59%,77,0.13,97.62
XQ22667376,11/13/2013,3,F,18,Ford,CF39 9YG,1537.31,955,156,3.85%,3,1.92%,3,1.92%,248,0.26,93.40
XQ22667377,11/13/2013,3,F,18,Renault,NE25 8JH,1690.56,151,60,6.67%,4,6.67%,0,,43,0.29,91.78
XQ22667378,11/14/2013,3,M,17,Audi,LE15 9DN,1235.44,"1,147",155,1.29%,0,,2,1.29%,210,0.18,93.40
XQ22667379,11/14/2013,3,M,17,BMW,DY6 9EA,1588.05,604,147,3.40%,0,,5,3.40%,156,0.26,94.79
XQ22667380,11/18/2013,3,F,17,Audi,NN12 8AR,1383.38,384,51,,0,,0,,61,0.16,96.00
XQ22667381,11/15/2013,3,M,21,BMW,DA9 9FD,1151.00,209,32,15.63%,1,3.13%,4,12.50%,115,0.55,85.27
XQ22667383,11/23/2013,3,M,17,Mercedes,WA3 4DL,1692.16,381,53,,0,,0,,15,0.04,99.11
XQ22667384,11/19/2013,3,F,20,BMW,WN1 3JY,2109.96,520,157,0.64%,0,,1,0.64%,27,0.05,98.85
XQ22667385,11/19/2013,3,F,17,Ford,ST5 5DA,1411.06,769,82,,0,,0,,67,0.09,95.14
XQ22667386,11/19/2013,3,M,21,Land Rover,CM6 2AZ,1504.99,906,177,9.60%,2,1.13%,15,8.47%,296,0.33,88.30
XQ22667387,11/21/2013,3,F,17,Audi,EN10 6LD,1751.97,302,98,,0,,0,,83,0.27,94.19
XQ22667388,11/20/2013,3,F,17,Vauxhall,MK18 1QA,1412.80,588,47,6.38%,1,2.13%,2,4.26%,102,0.17,90.71
XQ22667389,11/20/2013,3,M,17,Audi,BN6 8HG,1234.51,867,196,0.51%,1,0.51%,0,,127,0.15,96.34
XQ22667390,11/22/2013,3,M,20,Vauxhall,IP7 5EL,1493.48,878,128,7.03%,1,0.78%,8,6.25%,183,0.21,91.00
XQ22667391,11/20/2013,3,M,16,BMW,AB13 0ER,1228.88,91,17,5.88%,0,,1,5.88%,3,0.03,99.03
XQ22667392,11/21/2013,3,F,17,Renault,SS6 7AP,1735.81,401,107,,0,,0,,49,0.12,97.68
XQ22667393,11/23/2013,3,F,16,Renault,KT22 8TL,1407.77,45,11,,0,,0,,6,0.13,98.54
XQ22667394,11/21/2013,3,F,21,Land Rover,PA2 9PZ,1697.41,227,27,11.11%,1,3.70%,2,7.41%,49,0.22,87.03
XQ22667395,11/30/2013,3,M,17,BMW,TW10 7YB,1763.93,777,198,1.52%,0,,3,1.52%,112,0.14,97.45
XQ22667396,11/22/2013,3,F,17,Ford,RM13 9LB,1826.37,371,69,,0,,0,,18,0.05,99.26
XQ22667397,11/23/2013,3,F,17,Audi,DN4 7BT,1317.21,17,6,,0,,0,,6,0.35,95.20
XQ22667398,11/23/2013,3,M,18,Renault,HX6 3AZ,2574.91,165,48,2.08%,0,,1,2.08%,67,0.41,94.06
XQ22667399,11/22/2013,3,F,17,Audi,CH3 7RH,1458.37,776,99,,0,,0,,102,0.13,96.75
XQ22667400,12/4/2013,3,M,18,Vauxhall,MK18 5NU,1341.60,399,51,3.92%,0,,2,3.92%,112,0.28,90.19
XQ22667401,11/23/2013,3,M,17,Vauxhall,DD5 3TD,1534.78,409,101,0.99%,0,,1,0.99%,57,0.14,97.60
XQ22667402,11/23/2013,3,F,17,Mercedes,CB7 5NQ,1389.10,981,127,2.36%,0,,3,2.36%,166,0.17,94.97
XQ22667403,11/24/2013,3,M,17,Smart,DH6 1RQ,1306.95,180,36,,0,,0,,47,0.26,94.92
XQ22667404,11/25/2013,3,M,21,BMW,BD20 8DG,1692.21,"1,796",180,15.00%,4,2.22%,23,12.78%,532,0.30,83.77
XQ22667405,11/29/2013,3,M,19,VW,BS15 9AB,1596.70,817,140,1.43%,0,,2,1.43%,176,0.22,93.81
XQ22667406,11/25/2013,3,F,17,Ford,SK14 5HJ,2444.87,613,155,,0,,0,,49,0.08,99.14
XQ22667408,11/30/2013,3,M,17,VW,DY14 9XE,1304.47,239,54,11.11%,4,7.41%,2,3.70%,67,0.28,94.13
XQ22667409,11/26/2013,3,M,17,Audi,PR5 4NU,1746.07,875,77,,0,,0,,148,0.17,92.07
XQ22667411,11/28/2013,3,F,16,Audi,ST15 8ZR,1398.19,187,25,,0,,0,,24,0.13,96.35
XQ22667412,11/28/2013,3,F,21,Land Rover,BB8 9QP,1822.44,366,66,7.58%,0,,5,7.58%,132,0.36,86.90
XQ22667414,11/30/2013,3,M,17,Mercedes,CB23 1HB,1546.20,185,26,3.85%,0,,1,3.85%,36,0.20,92.17
XQ22667416,12/2/2013,3,F,17,Ford,AB39 2TF,1258.18,18,4,,0,,0,,0,0.00,100.00
XQ22667421,12/2/2013,3,F,17,Audi,NN2 8RS,1491.19,283,25,,0,,0,,24,0.08,95.62
XQ22667422,12/3/2013,3,F,17,Ford,TF9 2SP,1555.12,301,64,1.56%,0,,1,1.56%,52,0.17,94.86
XQ22667423,12/3/2013,3,F,17,Seat,DE21 2TQ,1302.00,164,36,,0,,0,,34,0.21,95.85
XQ22667424,12/3/2013,3,M,21,BMW,ML3 6EA,1781.39,561,75,28.00%,2,2.67%,19,25.33%,284,0.51,80.37
XQ22667425,12/4/2013,3,F,17,Vauxhall,GU24 0AD,1580.65,445,84,8.33%,0,,7,8.33%,156,0.35,89.95
XQ22667426,12/5/2013,3,M,17,Ford,WF2 6NY,2349.44,174,53,1.89%,0,,1,1.89%,44,0.25,95.73
XQ22667428,12/13/2013,2,F,17,Ford,NN12 7RT,1267.48,80,6,,0,,0,,14,0.18,93.20
XQ22667430,12/10/2013,3,M,17,Ford,BA2 5NA,1616.85,34,16,,0,,0,,2,0.06,99.21
XQ22667431,12/9/2013,3,F,17,Ford,KT4 8PT,1689.96,16,6,,0,,0,,0,0.00,100.00
XQ22667432,12/10/2013,3,M,17,Ford,SK13 1NF,2608.44,473,36,,0,,0,,6,0.01,99.18
XQ22667434,12/11/2013,3,F,17,Renault,ME9 8EH,1445.05,136,27,,0,,0,,11,0.08,98.34
XQ22667435,12/11/2013,3,M,17,Ford,CF71 7BE,1866.36,26,7,,0,,0,,2,0.08,99.15
XQ22667436,12/13/2013,2,F,19,Audi,EH54 8NS,1233.77,309,64,,0,,0,,34,0.11,97.14
XQ22667437,12/13/2013,2,M,20,BMW,B92 7RF,1920.49,4,3,,0,,0,,2,0.45,78.33
XQ22667439,12/14/2013,2,F,17,Ford,RM8 3JL,2462.77,19,2,,0,,0,,1,0.05,100.00
XQ22667441,12/13/2013,2,F,17,Audi,NG16 1LF,1487.03,276,60,,0,,0,,57,0.21,94.25
XQ22667442,12/13/2013,2,M,17,BMW,NE47 0LG,1436.78,58,6,,0,,0,,16,0.28,86.78
XQ22667444,12/14/2013,2,F,17,Vauxhall,CH63 1JN,1425.89,70,6,,0,,0,,14,0.20,90.51
XQ22667445,12/18/2013,2,F,17,Audi,CV11 5TW,2130.95,32,10,,0,,0,,6,0.19,93.21
XQ22667446,12/16/2013,2,M,18,Renault,WD7 8AD,2075.74,169,27,,0,,0,,11,0.07,98.26
XQ22667447,12/17/2013,2,M,17,Renault,SA32 7LG,1476.56,69,10,,0,,0,,15,0.22,92.68
XQ22667448,12/21/2013,2,F,17,Renault,SK13 2EY,1847.99,169,35,,0,,0,,8,0.05,98.48
XQ22667451,12/18/2013,2,F,18,Ford,BL6 4HZ,1652.25,64,17,,0,,0,,11,0.17,96.99
XQ22667458,12/20/2013,2,M,18,Renault,TW1 1PZ,1775.13,42,12,,0,,0,,2,0.05,99.10
XQ22667459,12/23/2013,2,M,18,VW,RM11 3AJ,1760.30,408,84,,0,,0,,72,0.18,95.40
XQ22667465,12/23/2013,2,F,17,Ford,PR2 9FJ,1511.99,88,22,,0,,0,,11,0.12,97.19
XQ22667475,12/27/2013,2,F,17,Ford,SK8 4AN,1915.84,1,2,,0,,0,,0,0.00,100.00
XQ22667477,12/28/2013,2,M,17,VW,CF72 9HP,2278.86,399,36,,0,,0,,42,0.11,93.53